ACCIDENT_DATE,ACCIDENT_TIME,ALCOHOLTIME,ACCIDENT_TYPE,DCA_CODE,HIT_RUN_FLAG,LIGHT_CONDITION,POLICE_ATTEND,ROAD_GEOMETRY,SEVERITY,SPEED_ZONE,LONGITUDE,LATITUDE,LGA_NAME,REGION_NAME,TOTAL_PERSONS,INJ_OR_FATAL,FATALITY,SERIOUSINJURY,OTHERINJURY,NONINJURED,MALES,FEMALES,BICYCLIST,PASSENGER,DRIVER,PEDESTRIAN,PILLION,MOTORIST,UNKNOWN,PED_CYCLIST_5_12,PED_CYCLIST_13_18,OLD_PEDESTRIAN,OLD_DRIVER,YOUNG_DRIVER,ALCOHOL_RELATED,UNLICENCSED,NO_OF_VEHICLES,HEAVYVEHICLE,PASSENGERVEHICLE,MOTORCYCLE,PUBLICVEHICLE,DEG_URBAN_NAME
27/09/2011,00.10.00,Yes,collision with some other object,LEFT OFF CARRIAGEWAY INTO OBJECT/PARKED VEHICLE,No,Dark No street lights,Yes,Not at intersection,Serious injury accident,100 km/hr,145.63508,-35.9945,MOIRA,NORTH EASTERN REGION,1,1,0,1,0,0,1,0,0,0,1,0,0,0,0,0,0,0,0,1,No,0,1,0,1,0,0,Country
28/09/2011,12.51.00,No,Collision with vehicle,REAR END(VEHICLES IN SAME LANE),No,Unk.,Yes,Not at intersection,Serious injury accident,100 km/hr,145.44558,-35.92548,MOIRA,NORTH EASTERN REGION,5,4,0,4,0,1,1,2,0,3,2,0,0,0,0,0,0,0,0,0,No,0,2,0,2,0,0,Country
29/09/2011,14.24.00,No,Collision with vehicle,HEAD ON (NOT OVERTAKING),No,Day,Yes,Not at intersection,Serious injury accident,100 km/hr,145.81389,-35.99898,MOIRA,NORTH EASTERN REGION,3,1,0,1,0,2,2,1,0,1,2,0,0,0,0,0,0,0,0,0,No,0,2,0,2,0,0,Country
4/10/2011,11.00.00,No,Collision with vehicle,CROSS TRAFFIC(INTERSECTIONS ONLY),No,Day,Yes,Cross intersection,Serious injury accident,100 km/hr,145.63177,-36.05524,MOIRA,NORTH EASTERN REGION,5,5,0,1,4,0,2,2,0,3,2,0,0,0,0,0,0,0,0,1,No,0,2,0,2,0,0,Country
7/10/2011,09.35.00,No,Collision with vehicle,CROSS TRAFFIC(INTERSECTIONS ONLY),No,Day,Yes,Cross intersection,Serious injury accident,100 km/hr,145.53149,-36.09924,MOIRA,NORTH EASTERN REGION,2,2,0,2,0,0,1,1,0,0,2,0,0,0,0,0,0,0,0,0,No,0,2,0,2,0,0,Country
13/10/2011,12.45.00,No,Collision with a fixed object,RIGHT OFF CARRIAGEWAY INTO OBJECT/PARKED VEHICLE,No,Day,Yes,Not at intersection,Serious injury accident,100 km/hr,145.10706,-36.06952,MOIRA,NORTH EASTERN REGION,1,1,0,1,0,0,0,1,0,0,1,0,0,0,0,0,0,0,0,0,No,0,1,0,1,0,0,Country
17/10/2011,08.40.00,No,Collision with vehicle,RIGHT THROUGH,No,Day,Yes,T intersection,Serious injury accident,60 km/hr,145.43921,-36.09434,MOIRA,NORTH EASTERN REGION,4,2,0,2,0,2,2,2,0,2,2,0,0,0,0,0,0,0,0,0,No,0,2,0,1,0,1,Other Towns
17/10/2011,20.40.00,Yes,Collision with a fixed object,LEFT OFF CARRIAGEWAY INTO OBJECT/PARKED VEHICLE,No,Dark Street lights on,Yes,Not at intersection,Serious injury accident,60 km/hr,145.43306,-36.0884,MOIRA,NORTH EASTERN REGION,3,1,0,1,0,2,0,3,0,2,1,0,0,0,0,0,0,0,0,0,No,0,1,0,1,0,0,Other Towns
19/10/2011,07.45.00,No,Collision with vehicle,PULLING OUT (OVERTAKING),No,Day,Yes,Cross intersection,Serious injury accident,100 km/hr,145.53154,-36.05529,MOIRA,NORTH EASTERN REGION,2,1,0,1,0,1,1,1,0,0,2,0,0,0,0,0,0,0,0,1,No,0,2,0,2,0,0,Country
21/10/2011,10.00.00,No,No collision and no object struck,OFF CARRIAGEWAY TO LEFT,No,Day,Yes,Cross intersection,Serious injury accident,100 km/hr,145.55941,-35.99903,MOIRA,NORTH EASTERN REGION,1,1,0,1,0,0,0,1,0,0,1,0,0,0,0,0,0,0,0,1,No,0,1,0,1,0,0,Country
21/10/2011,12.30.00,No,Vehicle overturned (no collision),OFF CARRIAGEWAY TO LEFT,No,Day,No,Not at intersection,Other injury accident,100 km/hr,145.40414,-36.05669,MOIRA,NORTH EASTERN REGION,1,1,0,0,1,0,1,0,0,0,1,0,0,0,0,0,0,0,0,0,No,1,1,0,0,0,0,Country
21/10/2011,20.00.00,Yes,Collision with vehicle,REAR END(VEHICLES IN SAME LANE),No,Dark No street lights,Yes,Not at intersection,Serious injury accident,60 km/hr,145.65204,-36.05883,MOIRA,NORTH EASTERN REGION,2,1,0,1,0,1,0,1,0,0,0,0,0,2,0,0,0,0,0,0,No,0,2,0,0,2,0,Country
27/10/2011,06.20.00,No,Collision with vehicle,CROSS TRAFFIC(INTERSECTIONS ONLY),No,Dusk/Dawn,Yes,Cross intersection,Fatal accident,100 km/hr,145.53149,-36.09924,MOIRA,NORTH EASTERN REGION,5,5,1,4,0,0,4,0,0,3,2,0,0,0,0,0,0,0,0,0,No,0,2,0,2,0,0,Country
9/11/2011,09.45.00,No,Collision with a fixed object,LEFT OFF CARRIAGEWAY INTO OBJECT/PARKED VEHICLE,No,Day,Yes,Not at intersection,Serious injury accident,100 km/hr,145.64095,-36.00379,MOIRA,NORTH EASTERN REGION,1,1,0,1,0,0,1,0,0,0,1,0,0,0,0,0,0,0,0,0,No,0,1,0,1,0,0,Country
15/11/2011,09.30.00,No,Collision with vehicle,RIGHT FAR (INTERSECTIONS ONLY),No,Day,Yes,Cross intersection,Other injury accident,100 km/hr,145.69269,-36.06987,MOIRA,NORTH EASTERN REGION,4,1,0,0,1,3,3,1,0,2,2,0,0,0,0,0,0,0,0,0,No,0,2,1,1,0,0,Country
17/11/2011,20.45.00,Yes,Collision with vehicle,RIGHT NEAR (INTERSECTIONS ONLY),No,Dark No street lights,Yes,Cross intersection,Fatal accident,100 km/hr,145.70198,-36.09911,MOIRA,NORTH EASTERN REGION,3,2,2,0,0,1,2,1,0,0,1,0,1,1,0,0,0,0,0,0,No,0,2,1,0,1,0,Country
22/11/2011,16.30.00,No,Collision with a fixed object,LEFT OFF CARRIAGEWAY INTO OBJECT/PARKED VEHICLE,No,Day,Yes,Not at intersection,Fatal accident,Not known,145.97818,-36.0098,MOIRA,NORTH EASTERN REGION,1,1,1,0,0,0,1,0,0,0,0,0,0,1,0,0,0,0,0,0,No,1,1,0,0,1,0,Other Towns
7/12/2011,11.00.00,No,Collision with a fixed object,LEFT OFF CARRIAGEWAY INTO OBJECT/PARKED VEHICLE,No,Day,No,Not at intersection,Serious injury accident,100 km/hr,146.10334,-36.16547,MOIRA,NORTH EASTERN REGION,1,1,0,1,0,0,0,1,0,0,1,0,0,0,0,0,0,0,0,0,No,0,1,0,1,0,0,Country
9/12/2011,16.10.00,Yes,Vehicle overturned (no collision),OUT OF CONTROL ON CARRIAGEWAY (ON STRAIGHT),No,Day,Yes,Not at intersection,Serious injury accident,100 km/hr,145.55606,-35.95519,MOIRA,NORTH EASTERN REGION,3,1,0,1,0,2,1,1,0,2,1,0,0,0,0,0,0,0,0,0,No,0,1,0,1,0,0,Country
17/12/2011,19.30.00,Yes,Vehicle overturned (no collision),OFF CARRIAGEWAY TO LEFT,No,Day,Yes,Not at intersection,Serious injury accident,100 km/hr,145.42838,-35.98447,MOIRA,NORTH EASTERN REGION,1,1,0,1,0,0,1,0,0,0,1,0,0,0,0,0,0,0,0,0,Yes,0,1,0,1,0,0,Country
17/12/2011,21.55.00,Yes,Collision with a fixed object,LEFT OFF CARRIAGEWAY INTO OBJECT/PARKED VEHICLE,No,Dark No street lights,Yes,Not at intersection,Fatal accident,80 km/hr,145.63183,-35.88929,MOIRA,NORTH EASTERN REGION,1,1,1,0,0,0,1,0,0,0,1,0,0,0,0,0,0,0,0,1,No,0,1,0,1,0,0,Country
18/12/2011,15.40.00,No,Collision with a fixed object,RIGHT OFF CARRIAGEWAY INTO OBJECT/PARKED VEHICLE,No,Day,Yes,T intersection,Serious injury accident,40 km/hr,145.65624,-35.92147,MOIRA,NORTH EASTERN REGION,2,2,0,1,1,0,2,0,0,1,1,0,0,0,0,0,0,0,0,1,Yes,0,1,0,1,0,0,Other Towns
27/12/2011,20.08.00,Yes,Collision with vehicle,OTHER SAME DIRECTION-MANOUEVRES NOT INCLUDED IN DCAs 130-137,No,Day,Yes,Not at intersection,Other injury accident,100 km/hr,145.46805,-36.13665,MOIRA,NORTH EASTERN REGION,2,1,0,0,1,1,1,1,1,0,1,0,0,0,0,1,0,0,0,0,No,1,2,0,1,0,0,Country
27/12/2011,21.45.00,Yes,Collision with a fixed object,LEFT OFF CARRIAGEWAY INTO OBJECT/PARKED VEHICLE,No,Dark No street lights,Yes,Not at intersection,Serious injury accident,100 km/hr,145.93127,-35.98827,MOIRA,NORTH EASTERN REGION,1,1,0,1,0,0,1,0,0,0,1,0,0,0,0,0,0,0,0,1,Yes,0,1,0,1,0,0,Country
5/01/2012,17.20.00,No,Collision with vehicle,U TURN,No,Day,Yes,Not at intersection,Other injury accident,100 km/hr,145.69491,-35.9601,MOIRA,NORTH EASTERN REGION,2,1,0,0,1,1,1,1,0,0,2,0,0,0,0,0,0,0,1,0,No,0,2,0,2,0,0,Country
5/01/2012,14.30.00,No,Collision with a fixed object,RIGHT OFF CARRIAGEWAY INTO OBJECT/PARKED VEHICLE,No,Day,No,Not at intersection,Serious injury accident,100 km/hr,145.43186,-35.92093,MOIRA,NORTH EASTERN REGION,1,1,0,1,0,0,1,0,0,0,1,0,0,0,0,0,0,0,0,1,No,0,1,0,1,0,0,Country
8/01/2012,21.20.00,Yes,Struck animal,STRUCK ANIMAL,No,Dark No street lights,Yes,Not at intersection,Other injury accident,100 km/hr,145.62808,-36.13064,MOIRA,NORTH EASTERN REGION,1,1,0,0,1,0,0,1,0,0,1,0,0,0,0,0,0,0,0,1,No,0,1,0,1,0,0,Country
12/01/2012,17.30.00,No,Collision with vehicle,CROSS TRAFFIC(INTERSECTIONS ONLY),No,Day,Yes,Cross intersection,Serious injury accident,100 km/hr,145.53149,-36.09924,MOIRA,NORTH EASTERN REGION,6,4,0,4,0,2,5,1,0,4,2,0,0,0,0,0,0,0,0,1,No,0,2,0,2,0,0,Country
13/01/2012,13.30.00,No,No collision and no object struck,OFF CARRIAGEWAY TO LEFT,No,Day,No,Not at intersection,Other injury accident,100 km/hr,145.22208,-35.92846,MOIRA,NORTH EASTERN REGION,1,1,0,0,1,0,0,1,0,0,1,0,0,0,0,0,0,0,0,0,No,0,1,0,1,0,0,Country
19/01/2012,19.00.00,Yes,Collision with vehicle,LEFT NEAR (INTERSECTIONS ONLY),No,Day,Yes,Cross intersection,Other injury accident,100 km/hr,145.43185,-36.19924,MOIRA,NORTH EASTERN REGION,2,2,0,0,2,0,2,0,0,0,2,0,0,0,0,0,0,0,0,1,No,0,2,0,2,0,0,Country
27/01/2012,11.15.00,No,Vehicle overturned (no collision),OFF CARRIAGEWAY TO RIGHT,No,Day,Yes,Not at intersection,Other injury accident,100 km/hr,145.18895,-36.0843,MOIRA,NORTH EASTERN REGION,2,2,0,0,2,0,0,2,0,1,1,0,0,0,0,0,0,0,0,0,No,0,1,0,1,0,0,Country
29/01/2012,22.30.00,Yes,Collision with a fixed object,U TURN INTO FIXED OBJECT/PARKED VEHICLE,No,Dark Street lights on,No,Cross intersection,Other injury accident,60 km/hr,146.00461,-36.0177,MOIRA,NORTH EASTERN REGION,1,1,0,0,1,0,0,1,0,0,1,0,0,0,0,0,0,0,0,1,No,0,1,0,1,0,0,Other Towns
5/02/2012,21.45.00,Yes,Vehicle overturned (no collision),OFF CARRIAGEWAY TO LEFT,No,Dark No street lights,Yes,Not at intersection,Other injury accident,100 km/hr,146.18106,-36.07672,MOIRA,NORTH EASTERN REGION,1,1,0,0,1,0,0,1,0,0,1,0,0,0,0,0,0,0,0,1,No,0,1,0,1,0,0,Country
8/02/2012,08.00.00,No,Vehicle overturned (no collision),OFF CARRIAGEWAY ON RIGHT BEND,No,Day,Yes,Not at intersection,Serious injury accident,100 km/hr,145.22698,-36.07424,MOIRA,NORTH EASTERN REGION,1,1,0,1,0,0,1,0,0,0,1,0,0,0,0,0,0,0,0,0,No,0,1,1,0,0,0,Country
11/02/2012,11.00.00,No,Collision with vehicle,CROSS TRAFFIC(INTERSECTIONS ONLY),No,Day,Yes,Cross intersection,Serious injury accident,90 km/hr,145.65988,-35.93455,MOIRA,NORTH EASTERN REGION,3,1,0,1,0,2,2,1,1,1,1,0,0,0,0,0,0,0,0,0,No,0,2,0,1,0,0,Country
12/02/2012,02.10.00,Yes,Struck Pedestrian,FAR SIDE. PED HIT BY VEHICLE FROM THE LEFT,No,Dark Street lights on,Yes,Cross intersection,Serious injury accident,60 km/hr,145.65436,-35.91702,MOIRA,NORTH EASTERN REGION,2,1,0,1,0,1,1,1,0,0,1,1,0,0,0,0,0,0,0,1,No,0,1,0,1,0,0,Other Towns
22/02/2012,03.00.00,Yes,Collision with a fixed object,RIGHT OFF CARRIAGEWAY INTO OBJECT/PARKED VEHICLE,No,Dark No street lights,Yes,Not at intersection,Serious injury accident,100 km/hr,145.43183,-36.00188,MOIRA,NORTH EASTERN REGION,2,2,0,2,0,0,2,0,0,1,1,0,0,0,0,0,0,0,0,0,No,0,1,1,0,0,0,Country
29/02/2012,13.10.00,No,Collision with a fixed object,LEFT OFF CARRIAGEWAY INTO OBJECT/PARKED VEHICLE,No,Day,Yes,Not at intersection,Serious injury accident,100 km/hr,145.53149,-36.08733,MOIRA,NORTH EASTERN REGION,1,1,0,1,0,0,0,1,0,0,1,0,0,0,0,0,0,0,0,1,No,0,1,0,1,0,0,Country
29/02/2012,16.30.00,No,Collision with a fixed object,LEFT OFF CARRIAGEWAY INTO OBJECT/PARKED VEHICLE,No,Day,Yes,Not at intersection,Serious injury accident,100 km/hr,145.02195,-36.00466,MOIRA,NORTH EASTERN REGION,1,1,0,1,0,0,0,1,0,0,1,0,0,0,0,0,0,0,0,0,No,0,1,0,1,0,0,Country
4/03/2012,18.00.00,Yes,Collision with vehicle,CROSS TRAFFIC(INTERSECTIONS ONLY),No,Day,Yes,Cross intersection,Other injury accident,80 km/hr,145.2039,-36.06464,MOIRA,NORTH EASTERN REGION,6,2,0,0,2,4,1,5,0,4,2,0,0,0,0,0,0,0,0,0,No,0,2,0,2,0,0,Country
7/03/2012,18.45.00,Yes,No collision and no object struck,OUT OF CONTROL ON CARRIAGEWAY (ON STRAIGHT),No,Day,Yes,Not at intersection,Serious injury accident,60 km/hr,145.67799,-35.93885,MOIRA,NORTH EASTERN REGION,4,4,0,3,1,0,4,0,4,0,0,0,0,0,0,0,0,0,0,0,No,0,4,0,0,0,0,Country
10/03/2012,23.00.00,Yes,Vehicle overturned (no collision),OFF CARRIAGEWAY TO RIGHT,No,Dark No street lights,Yes,Not at intersection,Serious injury accident,100 km/hr,145.35255,-36.19923,MOIRA,NORTH EASTERN REGION,1,1,0,1,0,0,1,0,0,0,1,0,0,0,0,0,0,0,0,0,Yes,0,1,0,1,0,0,Country
17/03/2012,05.30.00,Yes,Collision with a fixed object,LEFT OFF CARRIAGEWAY INTO OBJECT/PARKED VEHICLE,No,Dark No street lights,Yes,Not at intersection,Serious injury accident,40 km/hr,145.66002,-36.09907,MOIRA,NORTH EASTERN REGION,1,1,0,1,0,0,0,1,0,0,1,0,0,0,0,0,0,0,0,1,Yes,0,1,0,1,0,0,Country
22/03/2012,09.55.00,No,Collision with vehicle,CROSS TRAFFIC(INTERSECTIONS ONLY),No,Day,Yes,Cross intersection,Other injury accident,60 km/hr,146.00862,-36.01302,MOIRA,NORTH EASTERN REGION,4,1,0,0,1,3,2,2,0,2,2,0,0,0,0,0,0,0,1,0,No,0,2,0,2,0,0,Other Towns
25/03/2012,00.15.00,Yes,No collision and no object struck,OFF CARRIAGEWAY TO RIGHT,No,Dark Street lights unknown,No,Cross intersection,Other injury accident,50 km/hr,145.20388,-36.05716,MOIRA,NORTH EASTERN REGION,1,1,0,0,1,0,1,0,1,0,0,0,0,0,0,0,0,0,0,0,Yes,0,1,0,0,0,0,Other Towns
4/04/2012,12.50.00,No,Collision with vehicle,LANE CHANGE LEFT (NOT OVERTAKING),No,Day,Yes,Not at intersection,Other injury accident,50 km/hr,145.63854,-35.91042,MOIRA,NORTH EASTERN REGION,2,1,0,0,1,1,1,1,0,0,2,0,0,0,0,0,0,0,0,0,No,0,2,0,2,0,0,Other Towns
24/04/2012,15.45.00,No,Collision with vehicle,CROSS TRAFFIC(INTERSECTIONS ONLY),No,Day,Yes,Cross intersection,Serious injury accident,100 km/hr,145.53164,-35.99903,MOIRA,NORTH EASTERN REGION,3,3,0,2,1,0,0,3,0,1,2,0,0,0,0,0,0,0,0,0,No,0,2,0,2,0,0,Country
18/05/2012,13.00.00,No,Collision with a fixed object,LEFT OFF CARRIAGEWAY INTO OBJECT/PARKED VEHICLE,No,Day,Yes,Not at intersection,Other injury accident,80 km/hr,145.63181,-35.89561,MOIRA,NORTH EASTERN REGION,1,1,0,0,1,0,1,0,0,0,1,0,0,0,0,0,0,0,0,1,No,0,1,0,1,0,0,Country
20/05/2012,12.40.00,No,Collision with vehicle,CROSS TRAFFIC(INTERSECTIONS ONLY),No,Day,Yes,Cross intersection,Other injury accident,60 km/hr,145.64923,-35.91986,MOIRA,NORTH EASTERN REGION,2,1,0,0,1,1,0,2,0,0,2,0,0,0,0,0,0,0,0,1,No,0,2,0,2,0,0,Other Towns
22/05/2012,15.15.00,No,Collision with a fixed object,RIGHT OFF CARRIAGEWAY INTO OBJECT/PARKED VEHICLE,No,Day,Yes,Not at intersection,Other injury accident,100 km/hr,145.45322,-36.05661,MOIRA,NORTH EASTERN REGION,1,1,0,0,1,0,1,0,0,0,1,0,0,0,0,0,0,0,0,0,No,0,1,0,1,0,0,Country
22/07/2012,10.00.00,Yes,Collision with vehicle,RIGHT NEAR (INTERSECTIONS ONLY),No,Day,Yes,Cross intersection,Serious injury accident,100 km/hr,145.43188,-35.92545,MOIRA,NORTH EASTERN REGION,3,3,0,3,0,0,2,1,0,1,2,0,0,0,0,0,0,0,0,0,No,0,2,0,2,0,0,Country
25/07/2012,13.00.00,No,Collision with vehicle,LEAVING PARKING,No,Day,No,Not at intersection,Other injury accident,60 km/hr,145.68892,-36.07881,MOIRA,NORTH EASTERN REGION,2,1,0,0,1,1,1,1,0,0,2,0,0,0,0,0,0,0,0,0,No,0,2,0,2,0,0,Small Towns
1/08/2012,12.30.00,No,Collision with vehicle,RIGHT NEAR (INTERSECTIONS ONLY),No,Day,Yes,Cross intersection,Serious injury accident,100 km/hr,145.43188,-35.92545,MOIRA,NORTH EASTERN REGION,2,1,0,1,0,1,2,0,0,0,2,0,0,0,0,0,0,0,1,0,No,0,2,1,1,0,0,Country
4/08/2012,16.00.00,Yes,No collision and no object struck,OUT OF CONTROL ON CARRIAGEWAY (ON STRAIGHT),No,Day,No,Not at intersection,Other injury accident,80 km/hr,145.63185,-35.91076,MOIRA,NORTH EASTERN REGION,1,1,0,0,1,0,1,0,0,0,0,0,0,1,0,0,0,0,0,0,No,0,1,0,0,1,0,Country
8/08/2012,09.50.00,No,Collision with vehicle,RIGHT THROUGH,No,Day,Yes,T intersection,Other injury accident,100 km/hr,145.4318,-36.04062,MOIRA,NORTH EASTERN REGION,5,2,0,0,2,3,3,2,0,3,2,0,0,0,0,0,0,0,1,0,No,0,2,0,2,0,0,Country
22/08/2012,10.39.00,No,Collision with vehicle,LEFT NEAR (INTERSECTIONS ONLY),No,Day,Yes,T intersection,Other injury accident,60 km/hr,145.6518,-35.91669,MOIRA,NORTH EASTERN REGION,2,1,0,0,1,1,1,1,0,0,2,0,0,0,0,0,0,0,0,0,No,0,2,1,1,0,0,Other Towns
24/08/2012,22.20.00,Yes,Collision with vehicle,HEAD ON (NOT OVERTAKING),No,Dark Street lights on,Yes,Not at intersection,Serious injury accident,60 km/hr,145.43182,-36.15592,MOIRA,NORTH EASTERN REGION,8,8,0,8,0,0,2,6,0,6,2,0,0,0,0,0,0,0,0,1,No,0,2,0,2,0,0,Small Towns
27/08/2012,18.05.00,Yes,Collision with a fixed object,RIGHT OFF CARRIAGEWAY INTO OBJECT/PARKED VEHICLE,No,Dark No street lights,Yes,Not at intersection,Serious injury accident,100 km/hr,145.55891,-36.1728,MOIRA,NORTH EASTERN REGION,1,1,0,1,0,0,1,0,0,0,1,0,0,0,0,0,0,0,0,0,No,0,1,0,1,0,0,Country
16/09/2012,13.30.00,No,Collision with a fixed object,LEFT OFF CARRIAGEWAY INTO OBJECT/PARKED VEHICLE,No,Day,Yes,Not at intersection,Serious injury accident,100 km/hr,145.55941,-36.1312,MOIRA,NORTH EASTERN REGION,5,5,0,5,0,0,4,1,0,4,1,0,0,0,0,0,0,0,0,0,No,0,1,0,1,0,0,Country
18/09/2012,07.20.00,No,Collision with vehicle,CROSS TRAFFIC(INTERSECTIONS ONLY),No,Day,No,Cross intersection,Other injury accident,60 km/hr,146.00461,-36.0177,MOIRA,NORTH EASTERN REGION,2,2,0,0,2,0,2,0,0,0,2,0,0,0,0,0,0,0,0,0,No,0,2,0,2,0,0,Other Towns
26/09/2012,16.10.00,No,Collision with vehicle,VEHICLE OFF FOOTPATH STRIKES VEH ON CARRIAGEWAY,No,Day,Yes,Not at intersection,Serious injury accident,50 km/hr,146.01654,-36.00902,MOIRA,NORTH EASTERN REGION,2,1,0,1,0,1,1,1,1,0,1,0,0,0,0,0,1,0,0,0,No,0,2,0,1,0,0,Other Towns
1/10/2012,13.30.00,No,Vehicle overturned (no collision),OFF CARRIAGEWAY ON RIGHT BEND,No,Day,Yes,Not at intersection,Other injury accident,100 km/hr,145.45832,-35.8307,MOIRA,NORTH EASTERN REGION,1,1,0,0,1,0,1,0,0,0,1,0,0,0,0,0,0,0,0,0,No,0,1,0,1,0,0,Country
3/10/2012,05.20.00,Yes,Collision with vehicle,REAR END(VEHICLES IN SAME LANE),No,Dusk/Dawn,Yes,Not at intersection,Other injury accident,100 km/hr,145.82519,-35.99897,MOIRA,NORTH EASTERN REGION,3,1,0,0,1,2,2,1,0,1,2,0,0,0,0,0,0,0,0,0,No,0,2,0,2,0,0,Country
7/10/2012,13.00.00,No,Collision with a fixed object,LEFT OFF CARRIAGEWAY INTO OBJECT/PARKED VEHICLE,No,Day,Yes,T intersection,Other injury accident,60 km/hr,145.65984,-35.91899,MOIRA,NORTH EASTERN REGION,1,1,0,0,1,0,1,0,0,0,1,0,0,0,0,0,0,0,0,1,No,0,1,0,1,0,0,Other Towns
12/10/2012,10.50.00,No,Collision with a fixed object,OFF RIGHT BEND INTO OBJECT/PARKED VEHICLE,No,Day,Yes,T intersection,Other injury accident,100 km/hr,145.65416,-36.09988,MOIRA,NORTH EASTERN REGION,2,1,0,0,1,1,1,1,0,1,1,0,0,0,0,0,0,0,0,0,No,0,1,0,1,0,0,Country
31/10/2012,12.44.00,No,Collision with a fixed object,OFF RIGHT BEND INTO OBJECT/PARKED VEHICLE,No,Day,Yes,Not at intersection,Serious injury accident,80 km/hr,145.55202,-35.82822,MOIRA,NORTH EASTERN REGION,1,1,0,1,0,0,1,0,0,0,0,0,0,1,0,0,0,0,0,0,No,0,1,0,0,1,0,Country
2/11/2012,16.50.00,Yes,Collision with a fixed object,RIGHT OFF CARRIAGEWAY INTO OBJECT/PARKED VEHICLE,No,Day,Yes,Not at intersection,Serious injury accident,100 km/hr,146.18364,-36.06779,MOIRA,NORTH EASTERN REGION,1,1,0,1,0,0,1,0,0,0,1,0,0,0,0,0,0,0,0,1,No,0,1,0,1,0,0,Country